-- Database Backup
-- Generated: 2025-12-02T17:54:57.080Z
-- Database: vul19326_wam

SET FOREIGN_KEY_CHECKS = 0;

-- Clear existing data
DELETE FROM AuditLog;
DELETE FROM AccessToken;
DELETE FROM Version;
DELETE FROM Software;
DELETE FROM UserPermission;
DELETE FROM RolePermission;
DELETE FROM Settings;
DELETE FROM User;

SET FOREIGN_KEY_CHECKS = 1;

INSERT INTO `User` (`id`, `email`, `name`, `password`, `role`, `avatar`, `phone`, `isActive`, `lastLogin`, `createdAt`, `updatedAt`) VALUES
  ('a251ed1c-e16d-4048-9996-0ed150daac5d', 'tuanhienvu@gmail.com', 'Operations Manager', '$2a$12$ODBj82F5b0h/2hvCjzdhd.Hjjg4.eV4KGmhvYpFXk6QjC6alNPXam', 'MANAGER', 'https://i.pravatar.cc/150?img=12', '+84 982 068 806', 1, NULL, '2025-12-02 17:52:14', '2025-12-02 17:52:14'),
  ('a92c36e0-64d8-465e-b3ae-a79a113c5624', 'user@vuleits.com', 'QA Specialist', '$2a$12$Uubr4oa3bAGPxO6j67TZV.djrvr8P412zgynzO2XQjQKBm.Dwjo1C', 'USER', 'https://i.pravatar.cc/150?img=32', '+1 (555) 555-5555', 1, NULL, '2025-12-02 17:52:14', '2025-12-02 17:52:14'),
  ('c45c202a-e943-4fb8-9cd1-24717ff99c4f', 'vuleitsolution@gmail.com', 'System Administrator', '$2a$12$15StJQt0EHDLKwzRPgvjEeaPv1Zt0oEeKOGPxkVFgjmmqsnd3biNi', 'ADMIN', NULL, '+84 963 373 213', 1, NULL, '2025-12-02 17:52:14', '2025-12-02 17:52:14');

INSERT INTO `Settings` (`id`, `key`, `value`, `category`, `createdAt`, `updatedAt`) VALUES
  ('207889fb-74d8-46a3-92ab-17072c68a00a', 'phone', '+84 963 373 213', 'contact', '2025-12-02 17:52:14', '2025-12-02 17:52:14'),
  ('5fee1ecd-4ce1-4c4b-a420-0b65425d78e3', 'socialLinks', '[{"platform":"Website","url":"https://wam.vuleits.com"},{"platform":"LinkedIn","url":"https://linkedin.com/company/webappmanager"},{"platform":"GitHub","url":"https://github.com/tuanhienvu/WebAppManager"}]', 'social', '2025-12-02 17:52:14', '2025-12-02 17:52:14'),
  ('806d8eac-2c40-44df-b06d-0dd1c4dee0c6', 'logo', '/uploads/Logo.jpg', 'company', '2025-12-02 17:52:14', '2025-12-02 17:52:14'),
  ('9943b563-002f-4bdb-86bf-edf38bbec4e1', 'email', 'info@vuleits.com', 'contact', '2025-12-02 17:52:14', '2025-12-02 17:52:14'),
  ('b1340d8b-7318-4ea5-bd85-24fd66202db7', 'slogan', 'Bring Your Success', 'company', '2025-12-02 17:52:14', '2025-12-02 17:52:14'),
  ('d421c364-0400-48dd-b7fa-c2802f58dd42', 'companyName', 'VULE ITS', 'company', '2025-12-02 17:52:14', '2025-12-02 17:52:14');

INSERT INTO `Software` (`id`, `name`, `description`, `createdAt`, `updatedAt`) VALUES
  ('1d5fdde1-9a61-4198-a032-c01ccb8c5d24', 'Mobile Release Tracker', 'Monitor and manage mobile app releases across app stores', '2025-12-02 17:52:14', '2025-12-02 17:52:14'),
  ('a137a23e-91f5-4e88-9f3d-ce3008b9a0ab', 'WebApp Manager', 'Professional web application management tool with advanced features', '2025-12-02 17:52:14', '2025-12-02 17:52:14'),
  ('a8ee502f-02b1-4f4d-a5cb-d780930acfb4', 'API Gateway Enterprise', 'Enterprise-grade API gateway solution', '2025-12-02 17:52:14', '2025-12-02 17:52:14'),
  ('df8df31c-3070-4203-aed0-afdae4093840', 'Data Sync Platform', 'Real-time data synchronization platform', '2025-12-02 17:52:14', '2025-12-02 17:52:14');

INSERT INTO `Version` (`id`, `softwareId`, `version`, `releaseDate`, `changelog`, `createdAt`, `updatedAt`) VALUES
  ('36576995-7d96-4feb-9e6e-0e5d19bcb50b', 'df8df31c-3070-4203-aed0-afdae4093840', '2.3.1', '2024-04-15 00:00:00', 'Bug fixes and minor improvements', '2025-12-02 17:52:14', '2025-12-02 17:52:14'),
  ('47c1247d-bc3c-45d7-830b-0076a18812ca', 'a8ee502f-02b1-4f4d-a5cb-d780930acfb4', '3.5.2', '2024-02-10 00:00:00', 'Stable release with security patches', '2025-12-02 17:52:14', '2025-12-02 17:52:14'),
  ('5b5b6dbd-48d3-453e-95ce-c17f500ee36c', 'a137a23e-91f5-4e88-9f3d-ce3008b9a0ab', '1.0.0', '2024-01-15 00:00:00', 'Initial release with core features', '2025-12-02 17:52:14', '2025-12-02 17:52:14'),
  ('6f87fec2-e6ae-4e96-808a-aa7a835f5d45', '1d5fdde1-9a61-4198-a032-c01ccb8c5d24', '0.9.0-beta', '2024-07-01 00:00:00', 'Public beta with beta feedback module', '2025-12-02 17:52:14', '2025-12-02 17:52:14'),
  ('71706789-539a-465b-b510-516a2f046126', 'a137a23e-91f5-4e88-9f3d-ce3008b9a0ab', '2.0.0', '2024-06-10 00:00:00', 'Major update with blockchain integration and new API endpoints', '2025-12-02 17:52:14', '2025-12-02 17:52:14'),
  ('cdb27393-fdf7-47fb-a8b5-c28ae3fbd8a6', '1d5fdde1-9a61-4198-a032-c01ccb8c5d24', '1.0.0', '2024-09-15 00:00:00', 'General availability release with enhanced dashboards', '2025-12-02 17:52:14', '2025-12-02 17:52:14'),
  ('dd64dc56-3cb7-4c38-9846-7745ee786357', 'a137a23e-91f5-4e88-9f3d-ce3008b9a0ab', '1.1.0', '2024-03-20 00:00:00', 'Added user management and improved performance', '2025-12-02 17:52:14', '2025-12-02 17:52:14'),
  ('f3916ba9-0de8-4770-8866-07967e37bceb', 'a8ee502f-02b1-4f4d-a5cb-d780930acfb4', '4.0.0', '2024-05-01 00:00:00', 'Complete rewrite with improved performance', '2025-12-02 17:52:14', '2025-12-02 17:52:14');

INSERT INTO `AccessToken` (`id`, `token`, `softwareId`, `versionId`, `expiresAt`, `permissions`, `status`, `owner`, `blockchainTxHash`, `createdAt`, `updatedAt`) VALUES
  ('20ad23ed-85da-483a-a455-b5b123d4f59b', 'token_rjolx79wws_1764697934738', 'a137a23e-91f5-4e88-9f3d-ce3008b9a0ab', '71706789-539a-465b-b510-516a2f046126', '2026-03-02 17:52:14', '["READ","WRITE","SYNC"]', 'ACTIVE', 'user@vuleits.com', '0xfdc7794276057', '2025-12-02 17:52:14', '2025-12-02 17:52:14'),
  ('236567d1-ebf9-4ecb-bee6-2d4c3470fc2a', 'token_3kkngvq1re_1764697934755', 'a8ee502f-02b1-4f4d-a5cb-d780930acfb4', 'f3916ba9-0de8-4770-8866-07967e37bceb', '2026-12-02 17:52:14', '["READ","WRITE","EXCHANGE","EXTEND"]', 'ACTIVE', 'tuanhienvu@gmail.com', '0x9773179ff544d', '2025-12-02 17:52:14', '2025-12-02 17:52:14'),
  ('5918fb8e-5816-4a40-9c1c-0c6559cfcade', 'token_3jmagf4u52n_1764697934772', 'a137a23e-91f5-4e88-9f3d-ce3008b9a0ab', NULL, '2026-05-31 17:52:14', '["READ","WRITE"]', 'REVOKED', 'legacy-user@example.com', '0x614d07a0bcdc6', '2025-12-02 17:52:14', '2025-12-02 17:52:14'),
  ('89a4ed6a-aac7-45de-b82b-38f57acfe5e1', 'token_zbhnt9trwe_1764697934781', '1d5fdde1-9a61-4198-a032-c01ccb8c5d24', 'cdb27393-fdf7-47fb-a8b5-c28ae3fbd8a6', '2025-11-02 17:52:14', '["READ"]', 'EXPIRED', 'mobile-team@example.com', NULL, '2025-12-02 17:52:14', '2025-12-02 17:52:14'),
  ('956070ac-17b3-4e06-befc-07207d847c52', 'token_no5ddftvtls_1764697934777', '1d5fdde1-9a61-4198-a032-c01ccb8c5d24', '6f87fec2-e6ae-4e96-808a-aa7a835f5d45', '2025-12-17 17:52:14', '["READ","SYNC"]', 'ACTIVE', 'beta-tester@example.com', NULL, '2025-12-02 17:52:14', '2025-12-02 17:52:14'),
  ('b410303b-5ffc-40b4-a9f6-53cd069a2efd', 'token_nn9bb51gj1r_1764697934765', 'df8df31c-3070-4203-aed0-afdae4093840', '36576995-7d96-4feb-9e6e-0e5d19bcb50b', '2026-01-31 17:52:14', '["READ","SYNC"]', 'ACTIVE', 'sync-user@example.com', NULL, '2025-12-02 17:52:14', '2025-12-02 17:52:14'),
  ('d49abd00-02e2-4e75-b343-117c16f2e1af', 'token_99qdq5md0g_1764697934749', 'a137a23e-91f5-4e88-9f3d-ce3008b9a0ab', 'dd64dc56-3cb7-4c38-9846-7745ee786357', '2026-01-16 17:52:14', '["READ"]', 'ACTIVE', 'vuleitsolution@gmail.com', NULL, '2025-12-02 17:52:14', '2025-12-02 17:52:14'),
  ('f7ba0f26-448b-4b90-9aed-9b708e827a1e', 'token_8z5ubbenqmb_1764697934761', 'a8ee502f-02b1-4f4d-a5cb-d780930acfb4', '47c1247d-bc3c-45d7-830b-0076a18812ca', '2025-11-22 17:52:14', '["READ"]', 'EXPIRED', 'qa-team@example.com', NULL, '2025-12-02 17:52:14', '2025-12-02 17:52:14');

INSERT INTO `AuditLog` (`id`, `tokenId`, `action`, `timestamp`, `ipAddress`, `userAgent`, `blockchainTxHash`) VALUES
  ('3a6a6b1d-1d2e-46ae-bb05-b69f47c2f325', '89a4ed6a-aac7-45de-b82b-38f57acfe5e1', 'VALIDATE', '2025-12-02 17:52:14', '203.0.113.40', 'Mozilla/5.0 (Linux; Android 14)', NULL),
  ('73beb51d-50b1-4e46-9b0f-9b0dd080bc73', '20ad23ed-85da-483a-a455-b5b123d4f59b', 'CREATE', '2025-12-02 17:52:14', '192.168.1.100', 'Mozilla/5.0 (Windows NT 10.0; Win64; x64) AppleWebKit/537.36', '0xa9dcf9f54e536'),
  ('76200fa5-68c9-406d-8510-a6c9168da481', '5918fb8e-5816-4a40-9c1c-0c6559cfcade', 'REVOKE', '2025-12-02 17:52:14', '10.0.0.1', 'Mozilla/5.0 (Windows NT 10.0; Win64; x64) AppleWebKit/537.36', '0x985645a9eb45f8'),
  ('79839c6f-ec2f-4c22-b80b-23533c377bc7', '956070ac-17b3-4e06-befc-07207d847c52', 'VALIDATE', '2025-12-02 17:52:14', '203.0.113.25', 'Mozilla/5.0 (iPhone; CPU iPhone OS 17_0 like Mac OS X)', NULL),
  ('95108f67-d0fc-40e6-88c7-0c306c1057ca', 'f7ba0f26-448b-4b90-9aed-9b708e827a1e', 'VALIDATE', '2025-12-02 17:52:14', '192.168.1.200', 'Mozilla/5.0 (Windows NT 10.0; Win64; x64) AppleWebKit/537.36', NULL),
  ('9f4e1241-234b-4556-ba41-ceb08c3868d5', '956070ac-17b3-4e06-befc-07207d847c52', 'CREATE', '2025-12-02 17:52:14', '203.0.113.25', 'Mozilla/5.0 (Windows NT 10.0; Win64; x64) AppleWebKit/537.36', NULL),
  ('c46bf646-be95-4ea4-b311-733b191b127f', '236567d1-ebf9-4ecb-bee6-2d4c3470fc2a', 'EXTEND', '2025-12-02 17:52:14', '172.16.0.1', 'PostmanRuntime/7.32.0', '0x761ed1cafee2a'),
  ('cc7f1071-d2dd-4715-8662-ea9f0f215dec', '236567d1-ebf9-4ecb-bee6-2d4c3470fc2a', 'CREATE', '2025-12-02 17:52:14', '172.16.0.1', 'curl/7.68.0', '0x3abd10d092b82'),
  ('dfa728a3-1690-4b86-8314-1643b79ad9b0', '20ad23ed-85da-483a-a455-b5b123d4f59b', 'VALIDATE', '2025-12-02 17:52:14', '192.168.1.105', 'Mozilla/5.0 (Macintosh; Intel Mac OS X 10_15_7) AppleWebKit/537.36', NULL),
  ('e9ebabcf-4d7d-481a-9151-75e5d808d674', '20ad23ed-85da-483a-a455-b5b123d4f59b', 'EXCHANGE', '2025-12-02 17:52:14', '192.168.1.100', 'Mozilla/5.0 (Windows NT 10.0; Win64; x64) AppleWebKit/537.36', '0xfd096026830688'),
  ('f81448d9-b328-4fac-9144-500cb3112ec3', 'd49abd00-02e2-4e75-b343-117c16f2e1af', 'CREATE', '2025-12-02 17:52:14', '10.0.0.50', 'Mozilla/5.0 (X11; Linux x86_64) AppleWebKit/537.36', NULL);

INSERT INTO `RolePermission` (`id`, `role`, `permission`, `resource`, `createdAt`, `updatedAt`) VALUES
  ('02b20112-1558-43da-b35f-84b2e85a850f', 'ADMIN', 'READ', 'settings', '2025-12-02 17:52:14', '2025-12-02 17:52:14'),
  ('03ecdf22-5457-4c2b-9a06-7344c8bc6a83', 'MANAGER', 'SYNC', 'software', '2025-12-02 17:52:14', '2025-12-02 17:52:14'),
  ('04769e04-0d97-4dc6-b5ee-8b356836416a', 'USER', 'EXCHANGE', 'software', '2025-12-02 17:52:14', '2025-12-02 17:52:14'),
  ('04933d73-e05e-4604-8258-d4b42419c81d', 'ADMIN', 'WRITE', 'webhooks', '2025-12-02 17:52:14', '2025-12-02 17:52:14'),
  ('06b148dc-7360-41fe-89fe-57263df0f913', 'USER', 'SYNC', 'software', '2025-12-02 17:52:14', '2025-12-02 17:52:14'),
  ('0bb94263-1d06-44de-8468-941c95c1155b', 'USER', 'WRITE', 'users', '2025-12-02 17:52:14', '2025-12-02 17:52:14'),
  ('122aa931-0b7e-4bd8-bb23-aed03ff228b4', 'USER', 'READ', 'documents', '2025-12-02 17:52:14', '2025-12-02 17:52:14'),
  ('12b15f60-13b2-49f9-97a2-58aa4d470fc6', 'MANAGER', 'SYNC', 'webhooks', '2025-12-02 17:52:14', '2025-12-02 17:52:14'),
  ('141aa9d5-e879-417b-8b7d-697a879b63e7', 'ADMIN', 'SYNC', 'documents', '2025-12-02 17:52:14', '2025-12-02 17:52:14'),
  ('1520f5a5-18b6-4c9e-85ad-b952e3570092', 'USER', 'SYNC', 'users', '2025-12-02 17:52:14', '2025-12-02 17:52:14'),
  ('15d613da-de91-4a1e-8cc4-cce8cfef4ede', 'USER', 'SYNC', 'permissions', '2025-12-02 17:52:14', '2025-12-02 17:52:14'),
  ('170a6ad1-66e1-4a9a-9e48-23668d2ae0ab', 'MANAGER', 'READ', 'reports', '2025-12-02 17:52:14', '2025-12-02 17:52:14'),
  ('17f3b4ba-3fe5-41c3-a378-c7c7587c8c55', 'ADMIN', 'EXCHANGE', 'notifications', '2025-12-02 17:52:14', '2025-12-02 17:52:14'),
  ('1943acaa-27a9-4bc3-b8e8-0cd5c1d5d55f', 'MANAGER', 'EXCHANGE', 'backups', '2025-12-02 17:52:14', '2025-12-02 17:52:14'),
  ('1a79dc66-d181-46e6-bc2a-130dfe06e973', 'ADMIN', 'WRITE', 'apiKeys', '2025-12-02 17:52:14', '2025-12-02 17:52:14'),
  ('1d5c30ed-9639-4de1-84cf-333b50414c59', 'MANAGER', 'SYNC', 'users', '2025-12-02 17:52:14', '2025-12-02 17:52:14'),
  ('1eb3f2d8-50f5-4847-b627-3bad3c2b5bcb', 'USER', 'SYNC', 'documents', '2025-12-02 17:52:14', '2025-12-02 17:52:14'),
  ('204223d6-895b-41b6-a06f-3696cf56421e', 'MANAGER', 'SYNC', 'auditLogs', '2025-12-02 17:52:14', '2025-12-02 17:52:14'),
  ('22559ccc-49bc-48e6-b3db-a2ab9eaeac33', 'ADMIN', 'EXCHANGE', 'webhooks', '2025-12-02 17:52:14', '2025-12-02 17:52:14'),
  ('227259c7-00f6-4258-807e-dd60d4e16a50', 'ADMIN', 'WRITE', 'documents', '2025-12-02 17:52:14', '2025-12-02 17:52:14'),
  ('286188aa-ffd8-46e2-b038-c93e2622af91', 'USER', 'WRITE', 'notifications', '2025-12-02 17:52:14', '2025-12-02 17:52:14'),
  ('2b160597-f48b-4e6b-81dc-35e01170821f', 'MANAGER', 'EXCHANGE', 'webhooks', '2025-12-02 17:52:14', '2025-12-02 17:52:14'),
  ('2b6a0389-ff01-4832-a854-3648a12a72c9', 'USER', 'WRITE', 'software', '2025-12-02 17:52:14', '2025-12-02 17:52:14'),
  ('2d2e9b21-8385-4934-9170-8e6ea60f6b9c', 'ADMIN', 'SYNC', 'settings', '2025-12-02 17:52:14', '2025-12-02 17:52:14'),
  ('2ee93707-7282-47a5-96be-8e27cdc43baa', 'USER', 'READ', 'apiKeys', '2025-12-02 17:52:14', '2025-12-02 17:52:14'),
  ('2f07c6a5-77c3-4dc6-95c7-6c4aba44bd12', 'ADMIN', 'READ', 'versions', '2025-12-02 17:52:14', '2025-12-02 17:52:14'),
  ('2f19f1f3-b057-425a-b866-4e68e08ee198', 'ADMIN', 'WRITE', 'users', '2025-12-02 17:52:14', '2025-12-02 17:52:14'),
  ('30dd8d0e-2ad5-4963-8de3-e83d0377b912', 'USER', 'EXCHANGE', 'webhooks', '2025-12-02 17:52:14', '2025-12-02 17:52:14'),
  ('35ac2c4e-889d-4f05-ac6e-3a379fd7540d', 'ADMIN', 'SYNC', 'webhooks', '2025-12-02 17:52:14', '2025-12-02 17:52:14'),
  ('36231473-ca28-4046-afde-5250db06f112', 'ADMIN', 'READ', 'software', '2025-12-02 17:52:14', '2025-12-02 17:52:14'),
  ('362cf82b-f464-4126-be29-252c58d3b763', 'MANAGER', 'WRITE', 'permissions', '2025-12-02 17:52:14', '2025-12-02 17:52:14'),
  ('37d33ee5-c6d6-4f48-aa74-ea2d37fc82b4', 'USER', 'EXCHANGE', 'versions', '2025-12-02 17:52:14', '2025-12-02 17:52:14'),
  ('3c693b17-16fd-4c52-b504-51059b56afeb', 'MANAGER', 'EXCHANGE', 'software', '2025-12-02 17:52:14', '2025-12-02 17:52:14'),
  ('3ca89ec5-579c-4d1c-986f-0ba0d4cd8449', 'MANAGER', 'READ', 'notifications', '2025-12-02 17:52:14', '2025-12-02 17:52:14'),
  ('3e681f2d-f4c7-41a1-9e24-225c7e6b7270', 'ADMIN', 'SYNC', 'permissions', '2025-12-02 17:52:14', '2025-12-02 17:52:14'),
  ('3f1295c4-fafd-42ae-90da-c475a60a9432', 'MANAGER', 'WRITE', 'tokens', '2025-12-02 17:52:14', '2025-12-02 17:52:14'),
  ('4016d73a-7941-4653-a4b0-6bd5b1818a6e', 'MANAGER', 'WRITE', 'apiKeys', '2025-12-02 17:52:14', '2025-12-02 17:52:14'),
  ('4219f736-ebc9-4ddd-8b67-332b8b3c6664', 'ADMIN', 'WRITE', 'backups', '2025-12-02 17:52:14', '2025-12-02 17:52:14'),
  ('43b8fde0-bd76-41b1-b93d-59f4b8f1b79c', 'ADMIN', 'EXCHANGE', 'settings', '2025-12-02 17:52:14', '2025-12-02 17:52:14'),
  ('43c2e553-feab-4f1f-98a3-6f35145931ce', 'MANAGER', 'EXCHANGE', 'permissions', '2025-12-02 17:52:14', '2025-12-02 17:52:14'),
  ('463a2fc1-2e3e-412d-9ddf-01a76aa7caa9', 'MANAGER', 'EXCHANGE', 'notifications', '2025-12-02 17:52:14', '2025-12-02 17:52:14'),
  ('4cbf5a79-cd23-4fbb-bf31-13785acccdb3', 'ADMIN', 'EXCHANGE', 'auditLogs', '2025-12-02 17:52:14', '2025-12-02 17:52:14'),
  ('4cf1709b-33b4-4455-a4d5-0cb17566facd', 'ADMIN', 'WRITE', 'permissions', '2025-12-02 17:52:14', '2025-12-02 17:52:14'),
  ('4d697c57-e415-4d78-8e74-019ad870e2c8', 'ADMIN', 'EXCHANGE', 'permissions', '2025-12-02 17:52:14', '2025-12-02 17:52:14'),
  ('4e523f68-ba04-458a-a9b8-07a01ed817df', 'USER', 'READ', 'backups', '2025-12-02 17:52:14', '2025-12-02 17:52:14'),
  ('515f6c50-51b4-4b65-9e19-7b0058b6f921', 'ADMIN', 'EXCHANGE', 'tokens', '2025-12-02 17:52:14', '2025-12-02 17:52:14'),
  ('51d30cca-9928-490e-8604-3f1789572e5d', 'MANAGER', 'WRITE', 'settings', '2025-12-02 17:52:14', '2025-12-02 17:52:14'),
  ('529bbe49-4d0b-423a-adb4-b4b3e8928021', 'MANAGER', 'READ', 'permissions', '2025-12-02 17:52:14', '2025-12-02 17:52:14'),
  ('534c2674-be11-4d8b-ada6-e3a04b049a8b', 'MANAGER', 'READ', 'tokens', '2025-12-02 17:52:14', '2025-12-02 17:52:14'),
  ('537c9b3d-2e63-4244-a2d1-ed08042ddc34', 'MANAGER', 'WRITE', 'auditLogs', '2025-12-02 17:52:14', '2025-12-02 17:52:14'),
  ('543d562a-14b3-4b01-ac20-d18d738cc849', 'USER', 'READ', 'auditLogs', '2025-12-02 17:52:14', '2025-12-02 17:52:14'),
  ('561a9f22-8a4c-4abb-a839-d7fad1e35670', 'MANAGER', 'WRITE', 'reports', '2025-12-02 17:52:14', '2025-12-02 17:52:14'),
  ('56474cc7-dbdc-4d70-abc2-248cef68ea76', 'ADMIN', 'EXCHANGE', 'software', '2025-12-02 17:52:14', '2025-12-02 17:52:14'),
  ('59195d30-3394-4375-affd-b7d0c755fcf8', 'MANAGER', 'WRITE', 'versions', '2025-12-02 17:52:14', '2025-12-02 17:52:14'),
  ('5aec9b13-0395-49bd-b195-0cb65596e583', 'ADMIN', 'WRITE', 'reports', '2025-12-02 17:52:14', '2025-12-02 17:52:14'),
  ('5b8ee4e9-6700-4ae7-8e35-00910f89ab1e', 'USER', 'READ', 'permissions', '2025-12-02 17:52:14', '2025-12-02 17:52:14'),
  ('5d4fc561-113f-4920-809b-0f771b484f83', 'USER', 'READ', 'webhooks', '2025-12-02 17:52:14', '2025-12-02 17:52:14'),
  ('5d5179a2-1f5d-4ef2-800d-154aa801697a', 'MANAGER', 'READ', 'users', '2025-12-02 17:52:14', '2025-12-02 17:52:14'),
  ('604de489-b910-44d0-8708-65fffac4c758', 'USER', 'READ', 'reports', '2025-12-02 17:52:14', '2025-12-02 17:52:14'),
  ('6067cd67-dbd1-454b-9b50-c0323a4a4347', 'USER', 'EXCHANGE', 'reports', '2025-12-02 17:52:14', '2025-12-02 17:52:14'),
  ('64a5fde7-c6f1-4f18-92cf-f34a24cb459a', 'ADMIN', 'SYNC', 'users', '2025-12-02 17:52:14', '2025-12-02 17:52:14'),
  ('65305592-3e3b-400c-8ff5-88592bb4fe3f', 'USER', 'SYNC', 'versions', '2025-12-02 17:52:14', '2025-12-02 17:52:14'),
  ('653c7a0f-5fa8-4065-a91b-00eace2989b0', 'ADMIN', 'EXCHANGE', 'backups', '2025-12-02 17:52:14', '2025-12-02 17:52:14'),
  ('668734ec-81c2-418a-afbe-55995505cbbf', 'ADMIN', 'READ', 'reports', '2025-12-02 17:52:14', '2025-12-02 17:52:14'),
  ('697e1fd2-7104-4570-9668-141660705698', 'MANAGER', 'WRITE', 'backups', '2025-12-02 17:52:14', '2025-12-02 17:52:14'),
  ('6997cee1-6d16-43da-bd8e-c2d284cd9806', 'ADMIN', 'EXCHANGE', 'apiKeys', '2025-12-02 17:52:14', '2025-12-02 17:52:14'),
  ('6e065fe2-217d-45ae-b1e7-5a2383903904', 'USER', 'EXCHANGE', 'auditLogs', '2025-12-02 17:52:14', '2025-12-02 17:52:14'),
  ('72c3dc88-6575-444b-b49a-f612558f8e44', 'ADMIN', 'EXCHANGE', 'documents', '2025-12-02 17:52:14', '2025-12-02 17:52:14'),
  ('74832c5c-0590-42db-abfc-cb9b17fece8c', 'MANAGER', 'EXCHANGE', 'documents', '2025-12-02 17:52:14', '2025-12-02 17:52:14'),
  ('785959e2-f4c3-4f9a-b49c-053314761127', 'ADMIN', 'WRITE', 'settings', '2025-12-02 17:52:14', '2025-12-02 17:52:14'),
  ('7d30e015-cf60-463c-9906-ca70cb156c25', 'ADMIN', 'WRITE', 'notifications', '2025-12-02 17:52:14', '2025-12-02 17:52:14'),
  ('7ee8164b-7dfd-4609-b44b-d9523dec1658', 'MANAGER', 'READ', 'software', '2025-12-02 17:52:14', '2025-12-02 17:52:14'),
  ('812c350a-c226-421a-9de4-9f89983a7c5c', 'USER', 'EXCHANGE', 'documents', '2025-12-02 17:52:14', '2025-12-02 17:52:14'),
  ('8152edff-58fb-49de-b74d-be8cd373174c', 'USER', 'WRITE', 'reports', '2025-12-02 17:52:14', '2025-12-02 17:52:14'),
  ('81d2b50d-b40d-4766-b024-144e02df411a', 'ADMIN', 'READ', 'backups', '2025-12-02 17:52:14', '2025-12-02 17:52:14'),
  ('85760f32-c8b1-44f2-8198-4bae501a9cef', 'USER', 'SYNC', 'reports', '2025-12-02 17:52:14', '2025-12-02 17:52:14'),
  ('86b0284e-ac82-43de-8b12-1c7b65a64f3c', 'MANAGER', 'SYNC', 'versions', '2025-12-02 17:52:14', '2025-12-02 17:52:14'),
  ('88c6d924-2893-4606-b973-c1b10e4e5b0e', 'ADMIN', 'READ', 'permissions', '2025-12-02 17:52:14', '2025-12-02 17:52:14'),
  ('8becce5e-705a-4025-8e04-ffbeda833621', 'MANAGER', 'READ', 'backups', '2025-12-02 17:52:14', '2025-12-02 17:52:14'),
  ('8bef124b-9400-4541-b199-17b68005b2cc', 'ADMIN', 'READ', 'auditLogs', '2025-12-02 17:52:14', '2025-12-02 17:52:14'),
  ('8cc41ec8-471a-4a83-870f-777151d3ca59', 'USER', 'READ', 'software', '2025-12-02 17:52:14', '2025-12-02 17:52:14'),
  ('8e7b8a90-51b4-4e95-894c-9351cbab0061', 'USER', 'WRITE', 'documents', '2025-12-02 17:52:14', '2025-12-02 17:52:14'),
  ('91fd847e-94a5-4e45-9885-9f5808368fa8', 'USER', 'SYNC', 'settings', '2025-12-02 17:52:14', '2025-12-02 17:52:14'),
  ('94030096-f227-459d-bf8d-ece6ecd5042b', 'MANAGER', 'SYNC', 'apiKeys', '2025-12-02 17:52:14', '2025-12-02 17:52:14'),
  ('96c21997-5e00-4ef7-8ff2-5ee32ad13add', 'MANAGER', 'EXCHANGE', 'versions', '2025-12-02 17:52:14', '2025-12-02 17:52:14'),
  ('98059020-60e1-4bc4-a0ea-10aee5832d6d', 'ADMIN', 'SYNC', 'auditLogs', '2025-12-02 17:52:14', '2025-12-02 17:52:14'),
  ('989d93c0-ed87-4573-9201-dd3fb20a9a05', 'USER', 'SYNC', 'webhooks', '2025-12-02 17:52:14', '2025-12-02 17:52:14'),
  ('9996b543-79a6-4fbb-b226-9b4f63067f38', 'ADMIN', 'SYNC', 'tokens', '2025-12-02 17:52:14', '2025-12-02 17:52:14'),
  ('9ea7c7b5-d908-49de-a846-883244efe6b0', 'ADMIN', 'READ', 'users', '2025-12-02 17:52:14', '2025-12-02 17:52:14'),
  ('a16dab85-88d4-4cfd-a511-4a740f5e258a', 'ADMIN', 'EXCHANGE', 'reports', '2025-12-02 17:52:14', '2025-12-02 17:52:14'),
  ('a4b65c50-9c53-4845-a27d-6feb87607a9e', 'USER', 'EXCHANGE', 'apiKeys', '2025-12-02 17:52:14', '2025-12-02 17:52:14'),
  ('a6137228-7f32-4baf-91bd-82f46e306cd1', 'ADMIN', 'SYNC', 'apiKeys', '2025-12-02 17:52:14', '2025-12-02 17:52:14'),
  ('a75245a0-3356-4093-be54-309b2c2b5cd1', 'MANAGER', 'SYNC', 'documents', '2025-12-02 17:52:14', '2025-12-02 17:52:14'),
  ('a88ab8df-1a0d-4c3e-8274-793231c3ad77', 'USER', 'EXCHANGE', 'users', '2025-12-02 17:52:14', '2025-12-02 17:52:14'),
  ('a8a3adfe-359e-4b0c-835a-de3cc29517d5', 'MANAGER', 'EXCHANGE', 'reports', '2025-12-02 17:52:14', '2025-12-02 17:52:14'),
  ('aa424da6-bfbf-45a6-8106-ce3fa63aebf2', 'USER', 'SYNC', 'notifications', '2025-12-02 17:52:14', '2025-12-02 17:52:14'),
  ('b0634ac9-e062-4769-a6b1-f64242325aa6', 'ADMIN', 'EXCHANGE', 'users', '2025-12-02 17:52:14', '2025-12-02 17:52:14'),
  ('b14a1bbf-535d-43f4-a223-dee68c86b86f', 'MANAGER', 'SYNC', 'settings', '2025-12-02 17:52:14', '2025-12-02 17:52:14'),
  ('b65df6c8-c009-4c87-93ff-e76e3601cf8d', 'ADMIN', 'WRITE', 'auditLogs', '2025-12-02 17:52:14', '2025-12-02 17:52:14'),
  ('b94e7811-9535-412a-b022-d115d500a7a1', 'ADMIN', 'SYNC', 'versions', '2025-12-02 17:52:14', '2025-12-02 17:52:14'),
  ('b9afc4a6-fb9a-4633-bb69-51324790d3ce', 'MANAGER', 'EXCHANGE', 'auditLogs', '2025-12-02 17:52:14', '2025-12-02 17:52:14'),
  ('bd20e853-2cdb-44b4-ae22-751b7d524fbf', 'ADMIN', 'WRITE', 'versions', '2025-12-02 17:52:14', '2025-12-02 17:52:14'),
  ('be536e36-d848-4386-9bf4-c47cf4ab8380', 'MANAGER', 'WRITE', 'software', '2025-12-02 17:52:14', '2025-12-02 17:52:14'),
  ('c14d4b89-d46a-48f8-b8be-b08bc6ccc107', 'MANAGER', 'SYNC', 'notifications', '2025-12-02 17:52:14', '2025-12-02 17:52:14'),
  ('c17fb21f-3edd-497f-baf1-15b5b46f99bd', 'MANAGER', 'WRITE', 'users', '2025-12-02 17:52:14', '2025-12-02 17:52:14'),
  ('c1d0cfc9-aec5-45c0-bfaf-2874edb0a909', 'USER', 'WRITE', 'backups', '2025-12-02 17:52:14', '2025-12-02 17:52:14'),
  ('c2a2cb33-39af-48bd-87bf-c835b92ac662', 'USER', 'READ', 'users', '2025-12-02 17:52:14', '2025-12-02 17:52:14'),
  ('c39791e7-0dcc-4fd9-b378-856bff946409', 'MANAGER', 'SYNC', 'tokens', '2025-12-02 17:52:14', '2025-12-02 17:52:14'),
  ('c43cccae-4f5e-483d-9d16-435366998f9a', 'MANAGER', 'WRITE', 'notifications', '2025-12-02 17:52:14', '2025-12-02 17:52:14'),
  ('c62dd70c-9a05-4f73-9ca9-0f73f6b7ed7c', 'USER', 'WRITE', 'versions', '2025-12-02 17:52:14', '2025-12-02 17:52:14'),
  ('c6719058-6f4f-4c8a-bbfd-44e9da04e6a9', 'MANAGER', 'SYNC', 'backups', '2025-12-02 17:52:14', '2025-12-02 17:52:14'),
  ('c80f1568-07c5-4e91-94fa-cd9106e774b3', 'ADMIN', 'SYNC', 'backups', '2025-12-02 17:52:14', '2025-12-02 17:52:14'),
  ('c870e1fd-c42f-49e5-b23d-65ad67315b02', 'USER', 'EXCHANGE', 'notifications', '2025-12-02 17:52:14', '2025-12-02 17:52:14'),
  ('ca69ea63-00b5-4cd6-9899-d055b1b7f666', 'USER', 'WRITE', 'webhooks', '2025-12-02 17:52:14', '2025-12-02 17:52:14'),
  ('ce0fd062-757e-4a64-ad4b-ec904b1c9c50', 'USER', 'EXCHANGE', 'backups', '2025-12-02 17:52:14', '2025-12-02 17:52:14'),
  ('ce87b7d3-02c9-4bd1-aa9b-d449553ff0f8', 'MANAGER', 'EXCHANGE', 'apiKeys', '2025-12-02 17:52:14', '2025-12-02 17:52:14'),
  ('d2ad5f78-525c-4b4f-b0ea-785794b619b2', 'USER', 'READ', 'tokens', '2025-12-02 17:52:14', '2025-12-02 17:52:14'),
  ('d360bdc5-d0bc-43db-a458-d3072d585980', 'MANAGER', 'READ', 'webhooks', '2025-12-02 17:52:14', '2025-12-02 17:52:14'),
  ('d5c71f41-4878-4135-b87f-e03c9aecaa96', 'ADMIN', 'SYNC', 'notifications', '2025-12-02 17:52:14', '2025-12-02 17:52:14'),
  ('d5df6339-814e-4383-b967-10fcf33cb974', 'MANAGER', 'READ', 'auditLogs', '2025-12-02 17:52:14', '2025-12-02 17:52:14'),
  ('db97ca8e-42b1-416b-908e-722f1eb3825e', 'ADMIN', 'READ', 'documents', '2025-12-02 17:52:14', '2025-12-02 17:52:14'),
  ('dc2ca218-e99f-4f89-bc81-e0fcd913ae86', 'MANAGER', 'SYNC', 'permissions', '2025-12-02 17:52:14', '2025-12-02 17:52:14'),
  ('dcce0d4c-7b06-4978-83ae-112a8c954484', 'USER', 'WRITE', 'apiKeys', '2025-12-02 17:52:14', '2025-12-02 17:52:14'),
  ('de702d19-9f7a-4dfb-8bfc-3f6de7d05dd1', 'ADMIN', 'READ', 'apiKeys', '2025-12-02 17:52:14', '2025-12-02 17:52:14'),
  ('e05f5fd8-cfd0-4bb8-bbaa-870b0cd00a29', 'ADMIN', 'READ', 'tokens', '2025-12-02 17:52:14', '2025-12-02 17:52:14'),
  ('e0a59b7f-c6d1-4974-a2b7-9eba0796afd8', 'MANAGER', 'READ', 'settings', '2025-12-02 17:52:14', '2025-12-02 17:52:14'),
  ('e0d72363-32b4-45f4-826d-1a2ae89eed48', 'ADMIN', 'READ', 'notifications', '2025-12-02 17:52:14', '2025-12-02 17:52:14'),
  ('e206db9c-077a-4d74-b4ce-5577fe2df6e6', 'USER', 'READ', 'notifications', '2025-12-02 17:52:14', '2025-12-02 17:52:14'),
  ('e24d22d1-b6b1-4a89-91fb-db567aeeac12', 'USER', 'SYNC', 'apiKeys', '2025-12-02 17:52:14', '2025-12-02 17:52:14'),
  ('e282b04b-750d-4661-8ae2-33c36caa37fc', 'ADMIN', 'READ', 'webhooks', '2025-12-02 17:52:14', '2025-12-02 17:52:14'),
  ('e2bb0cdb-5312-4f79-9d49-8a3d2439dbcc', 'ADMIN', 'SYNC', 'software', '2025-12-02 17:52:14', '2025-12-02 17:52:14'),
  ('e53ccf61-1cf2-4e24-8699-dbf519097423', 'MANAGER', 'WRITE', 'webhooks', '2025-12-02 17:52:14', '2025-12-02 17:52:14'),
  ('e562e6e5-fcf0-4948-a82f-0b7304b2f5e6', 'MANAGER', 'WRITE', 'documents', '2025-12-02 17:52:14', '2025-12-02 17:52:14'),
  ('e6417d3a-9e38-4ccd-9e92-79710a174001', 'MANAGER', 'READ', 'versions', '2025-12-02 17:52:14', '2025-12-02 17:52:14'),
  ('e76a5aab-45ae-42da-9560-659b6f225d05', 'MANAGER', 'READ', 'apiKeys', '2025-12-02 17:52:14', '2025-12-02 17:52:14'),
  ('e95e48ef-5bd3-4eb1-99bb-05d09a4e5b5e', 'USER', 'SYNC', 'tokens', '2025-12-02 17:52:14', '2025-12-02 17:52:14'),
  ('ed046f71-8bc0-4fc3-a3f0-a77089513ae1', 'USER', 'READ', 'versions', '2025-12-02 17:52:14', '2025-12-02 17:52:14'),
  ('ed85554a-df9c-4fac-9834-ce8e9f57bc89', 'MANAGER', 'EXCHANGE', 'settings', '2025-12-02 17:52:14', '2025-12-02 17:52:14'),
  ('ee34eabd-6511-4f0e-ac12-89c8f52dadd6', 'MANAGER', 'SYNC', 'reports', '2025-12-02 17:52:14', '2025-12-02 17:52:14'),
  ('f235fa9d-eb8f-42a0-aba4-9d97f098c7d5', 'ADMIN', 'WRITE', 'software', '2025-12-02 17:52:14', '2025-12-02 17:52:14'),
  ('f2fbb9c8-3adb-4f6e-b45f-6db7f7e5081b', 'USER', 'EXCHANGE', 'tokens', '2025-12-02 17:52:14', '2025-12-02 17:52:14'),
  ('f4e862de-d6a1-43fd-9537-a666395cef88', 'ADMIN', 'SYNC', 'reports', '2025-12-02 17:52:14', '2025-12-02 17:52:14'),
  ('f6e0efa0-816f-41e9-96d9-c65b81fc7e3e', 'MANAGER', 'EXCHANGE', 'tokens', '2025-12-02 17:52:14', '2025-12-02 17:52:14'),
  ('fab60238-b52e-4635-8786-0fc8f08375df', 'MANAGER', 'READ', 'documents', '2025-12-02 17:52:14', '2025-12-02 17:52:14'),
  ('fdbb4b5e-55e8-4874-8ef9-2032e78f3192', 'ADMIN', 'EXCHANGE', 'versions', '2025-12-02 17:52:14', '2025-12-02 17:52:14'),
  ('fe7647f4-a470-4253-8931-df2afee88ee9', 'USER', 'WRITE', 'tokens', '2025-12-02 17:52:14', '2025-12-02 17:52:14'),
  ('fed12a62-f2cc-48e1-bc24-9e1364f12905', 'MANAGER', 'EXCHANGE', 'users', '2025-12-02 17:52:14', '2025-12-02 17:52:14'),
  ('ff342bce-531a-4ae0-8a43-b454edafc842', 'ADMIN', 'WRITE', 'tokens', '2025-12-02 17:52:14', '2025-12-02 17:52:14'),
  ('ff5f82aa-d519-4568-860f-eedbce6a4997', 'USER', 'READ', 'settings', '2025-12-02 17:52:14', '2025-12-02 17:52:14');

INSERT INTO `UserPermission` (`id`, `userId`, `permission`, `resource`, `createdAt`, `updatedAt`) VALUES
  ('001ea80b-4aa4-4c9c-b67d-4e826b52f9e6', 'c45c202a-e943-4fb8-9cd1-24717ff99c4f', 'WRITE', 'versions', '2025-12-02 17:52:14', '2025-12-02 17:52:14'),
  ('0072e3c7-015d-4585-b826-a4e8fade791c', 'a251ed1c-e16d-4048-9996-0ed150daac5d', 'SYNC', 'reports', '2025-12-02 17:52:14', '2025-12-02 17:52:14'),
  ('018e7d7b-a5aa-4256-8d26-380a5bea3ce1', 'c45c202a-e943-4fb8-9cd1-24717ff99c4f', 'EXCHANGE', 'webhooks', '2025-12-02 17:52:14', '2025-12-02 17:52:14'),
  ('04a2d7fc-4854-4db1-a169-80a8ff545e67', 'a92c36e0-64d8-465e-b3ae-a79a113c5624', 'SYNC', 'versions', '2025-12-02 17:52:14', '2025-12-02 17:52:14'),
  ('05063fe1-50fa-4b77-b86d-1441a1733d49', 'a92c36e0-64d8-465e-b3ae-a79a113c5624', 'EXCHANGE', 'webhooks', '2025-12-02 17:52:14', '2025-12-02 17:52:14'),
  ('0551411e-d7a1-4ea6-a0f1-5b9aa11c0637', 'a251ed1c-e16d-4048-9996-0ed150daac5d', 'READ', 'software', '2025-12-02 17:52:14', '2025-12-02 17:52:14'),
  ('0686da97-1bcf-4c19-89d4-fbd6c02f31ee', 'c45c202a-e943-4fb8-9cd1-24717ff99c4f', 'EXCHANGE', 'notifications', '2025-12-02 17:52:14', '2025-12-02 17:52:14'),
  ('071c4546-7ff1-4805-ad70-9d182aae8baa', 'a251ed1c-e16d-4048-9996-0ed150daac5d', 'WRITE', 'notifications', '2025-12-02 17:52:14', '2025-12-02 17:52:14'),
  ('081c6b3f-9939-4485-8b98-5876cb2f1715', 'a92c36e0-64d8-465e-b3ae-a79a113c5624', 'EXCHANGE', 'users', '2025-12-02 17:52:14', '2025-12-02 17:52:14'),
  ('0a09ce06-3d9a-4a55-a21e-200c01cd759d', 'a92c36e0-64d8-465e-b3ae-a79a113c5624', 'WRITE', 'reports', '2025-12-02 17:52:14', '2025-12-02 17:52:14'),
  ('0a1e8270-b1f7-4dd9-bd38-c06db376053b', 'c45c202a-e943-4fb8-9cd1-24717ff99c4f', 'EXCHANGE', 'reports', '2025-12-02 17:52:14', '2025-12-02 17:52:14'),
  ('0a8a0e96-1064-4a5d-a93c-80bf70d990f5', 'a92c36e0-64d8-465e-b3ae-a79a113c5624', 'SYNC', 'apiKeys', '2025-12-02 17:52:14', '2025-12-02 17:52:14'),
  ('0b950298-a096-4230-99fd-a5d2d46940d0', 'a251ed1c-e16d-4048-9996-0ed150daac5d', 'SYNC', 'backups', '2025-12-02 17:52:14', '2025-12-02 17:52:14'),
  ('0c36b86d-bc9b-46d1-98e5-e66adb674d61', 'a92c36e0-64d8-465e-b3ae-a79a113c5624', 'SYNC', 'reports', '2025-12-02 17:52:14', '2025-12-02 17:52:14'),
  ('0e033f85-0c5a-48eb-b636-200eb31ccd0a', 'a251ed1c-e16d-4048-9996-0ed150daac5d', 'EXCHANGE', 'settings', '2025-12-02 17:52:14', '2025-12-02 17:52:14'),
  ('0e4b53fc-6ae6-441e-8e08-022e5a42b987', 'a92c36e0-64d8-465e-b3ae-a79a113c5624', 'READ', 'tokens', '2025-12-02 17:52:14', '2025-12-02 17:52:14'),
  ('0ea9de64-7ef1-4ae6-a554-1f2829195356', 'a92c36e0-64d8-465e-b3ae-a79a113c5624', 'EXCHANGE', 'software', '2025-12-02 17:52:14', '2025-12-02 17:52:14'),
  ('10878ed1-1a67-4f99-beac-aad8e92a3fd8', 'c45c202a-e943-4fb8-9cd1-24717ff99c4f', 'READ', 'users', '2025-12-02 17:52:14', '2025-12-02 17:52:14'),
  ('10bc107a-e7ee-4953-9b33-a3aebdd6a6c0', 'a92c36e0-64d8-465e-b3ae-a79a113c5624', 'SYNC', 'users', '2025-12-02 17:52:14', '2025-12-02 17:52:14'),
  ('10f54161-e458-4a46-9658-f57897d64645', 'a92c36e0-64d8-465e-b3ae-a79a113c5624', 'READ', 'users', '2025-12-02 17:52:14', '2025-12-02 17:52:14'),
  ('110848a6-640a-4412-a074-a53de3dbaad0', 'c45c202a-e943-4fb8-9cd1-24717ff99c4f', 'WRITE', 'notifications', '2025-12-02 17:52:14', '2025-12-02 17:52:14'),
  ('12084516-e57e-4a60-81d5-3213aa8c6552', 'c45c202a-e943-4fb8-9cd1-24717ff99c4f', 'READ', 'software', '2025-12-02 17:52:14', '2025-12-02 17:52:14'),
  ('12084d06-07f5-42df-9205-9a14bb3bdc21', 'a251ed1c-e16d-4048-9996-0ed150daac5d', 'READ', 'settings', '2025-12-02 17:52:14', '2025-12-02 17:52:14'),
  ('134aacb3-c05a-4f68-bd4d-5086d0d819cc', 'a92c36e0-64d8-465e-b3ae-a79a113c5624', 'SYNC', 'webhooks', '2025-12-02 17:52:14', '2025-12-02 17:52:14'),
  ('16949cd9-ef64-4ffc-be63-c3142d56ed50', 'a92c36e0-64d8-465e-b3ae-a79a113c5624', 'READ', 'webhooks', '2025-12-02 17:52:14', '2025-12-02 17:52:14'),
  ('19e379af-efaf-48d2-8210-1a2db2c9cec7', 'c45c202a-e943-4fb8-9cd1-24717ff99c4f', 'READ', 'webhooks', '2025-12-02 17:52:14', '2025-12-02 17:52:14'),
  ('1d22e9c2-f1a7-41b3-8392-df30ecef4efe', 'a251ed1c-e16d-4048-9996-0ed150daac5d', 'SYNC', 'auditLogs', '2025-12-02 17:52:14', '2025-12-02 17:52:14'),
  ('21bee66a-3347-4d7f-8322-3f2b60925469', 'a92c36e0-64d8-465e-b3ae-a79a113c5624', 'WRITE', 'backups', '2025-12-02 17:52:14', '2025-12-02 17:52:14'),
  ('231f469d-7015-4414-8f50-40e893e08366', 'a92c36e0-64d8-465e-b3ae-a79a113c5624', 'WRITE', 'versions', '2025-12-02 17:52:14', '2025-12-02 17:52:14'),
  ('260f2ca9-fbd7-4833-97a1-ef0d085954bf', 'a251ed1c-e16d-4048-9996-0ed150daac5d', 'EXCHANGE', 'auditLogs', '2025-12-02 17:52:14', '2025-12-02 17:52:14'),
  ('272ca817-5a81-42e5-8573-88a403cf3c0c', 'a251ed1c-e16d-4048-9996-0ed150daac5d', 'SYNC', 'apiKeys', '2025-12-02 17:52:14', '2025-12-02 17:52:14'),
  ('2773d029-c51e-427a-9b89-aea3ebcd24c0', 'a251ed1c-e16d-4048-9996-0ed150daac5d', 'SYNC', 'permissions', '2025-12-02 17:52:14', '2025-12-02 17:52:14'),
  ('2961b20b-35dd-4f05-bc95-77891aaa4763', 'a92c36e0-64d8-465e-b3ae-a79a113c5624', 'READ', 'documents', '2025-12-02 17:52:14', '2025-12-02 17:52:14'),
  ('2986bf73-5b1a-4aec-a60d-89fe4d517d7f', 'a92c36e0-64d8-465e-b3ae-a79a113c5624', 'READ', 'auditLogs', '2025-12-02 17:52:14', '2025-12-02 17:52:14'),
  ('2aa344d7-9b44-48b6-9da9-571ec9ae7eb6', 'c45c202a-e943-4fb8-9cd1-24717ff99c4f', 'WRITE', 'settings', '2025-12-02 17:52:14', '2025-12-02 17:52:14'),
  ('2af5ddae-1a49-4b39-ac20-64c3b01f1b28', 'a92c36e0-64d8-465e-b3ae-a79a113c5624', 'READ', 'settings', '2025-12-02 17:52:14', '2025-12-02 17:52:14'),
  ('2c87754f-1e20-4af8-a2fc-c200b2bc5359', 'a92c36e0-64d8-465e-b3ae-a79a113c5624', 'READ', 'permissions', '2025-12-02 17:52:14', '2025-12-02 17:52:14'),
  ('2ebbb052-df1c-43f6-97d3-ec8da9779d03', 'a251ed1c-e16d-4048-9996-0ed150daac5d', 'EXCHANGE', 'apiKeys', '2025-12-02 17:52:14', '2025-12-02 17:52:14'),
  ('2f6afa20-698a-4e19-b6b3-285c8a316d80', 'a92c36e0-64d8-465e-b3ae-a79a113c5624', 'SYNC', 'settings', '2025-12-02 17:52:14', '2025-12-02 17:52:14'),
  ('313644fd-26f6-42c0-8558-86d8fb17d91a', 'a92c36e0-64d8-465e-b3ae-a79a113c5624', 'EXCHANGE', 'documents', '2025-12-02 17:52:14', '2025-12-02 17:52:14'),
  ('3220f3ab-ede4-41ba-b658-febd0eab6754', 'a251ed1c-e16d-4048-9996-0ed150daac5d', 'SYNC', 'versions', '2025-12-02 17:52:14', '2025-12-02 17:52:14'),
  ('32747bed-c031-416a-8d17-c557690146e7', 'c45c202a-e943-4fb8-9cd1-24717ff99c4f', 'EXCHANGE', 'backups', '2025-12-02 17:52:14', '2025-12-02 17:52:14'),
  ('32788bb7-1813-452e-a137-e2234eacfd37', 'a92c36e0-64d8-465e-b3ae-a79a113c5624', 'WRITE', 'users', '2025-12-02 17:52:14', '2025-12-02 17:52:14'),
  ('343a304d-5f41-4062-b7e4-1ec038fb1855', 'a251ed1c-e16d-4048-9996-0ed150daac5d', 'READ', 'webhooks', '2025-12-02 17:52:14', '2025-12-02 17:52:14'),
  ('39b0b2f9-df32-48fd-86fe-14010ddad9fa', 'a92c36e0-64d8-465e-b3ae-a79a113c5624', 'EXCHANGE', 'reports', '2025-12-02 17:52:14', '2025-12-02 17:52:14'),
  ('3d73b6ba-77ac-48de-a042-d2eeb7a34df8', 'c45c202a-e943-4fb8-9cd1-24717ff99c4f', 'SYNC', 'auditLogs', '2025-12-02 17:52:14', '2025-12-02 17:52:14'),
  ('408d1114-50fd-4f57-9902-42c57c72d395', 'a251ed1c-e16d-4048-9996-0ed150daac5d', 'WRITE', 'software', '2025-12-02 17:52:14', '2025-12-02 17:52:14'),
  ('4292d7e8-07a2-4342-b08d-707bd6594cb9', 'c45c202a-e943-4fb8-9cd1-24717ff99c4f', 'SYNC', 'apiKeys', '2025-12-02 17:52:14', '2025-12-02 17:52:14'),
  ('42f9ad1d-3670-488b-977a-6c8335fd1eaa', 'a251ed1c-e16d-4048-9996-0ed150daac5d', 'WRITE', 'tokens', '2025-12-02 17:52:14', '2025-12-02 17:52:14'),
  ('4587dae2-692c-4bc2-bd46-443022ce2906', 'a251ed1c-e16d-4048-9996-0ed150daac5d', 'SYNC', 'tokens', '2025-12-02 17:52:14', '2025-12-02 17:52:14'),
  ('48fe0c87-f9fe-4449-94e5-f08dbab512b3', 'a92c36e0-64d8-465e-b3ae-a79a113c5624', 'WRITE', 'documents', '2025-12-02 17:52:14', '2025-12-02 17:52:14'),
  ('494f5855-3cae-4425-8bcd-36d943e320ef', 'a251ed1c-e16d-4048-9996-0ed150daac5d', 'READ', 'users', '2025-12-02 17:52:14', '2025-12-02 17:52:14'),
  ('4c4aeee5-d21a-405f-ad57-8e7cb19798d9', 'c45c202a-e943-4fb8-9cd1-24717ff99c4f', 'SYNC', 'settings', '2025-12-02 17:52:14', '2025-12-02 17:52:14'),
  ('4d7bada3-e8cb-4407-bf87-1a4123980668', 'a251ed1c-e16d-4048-9996-0ed150daac5d', 'EXCHANGE', 'users', '2025-12-02 17:52:14', '2025-12-02 17:52:14'),
  ('53374267-e6e6-4db0-81c3-e4af14045c3d', 'c45c202a-e943-4fb8-9cd1-24717ff99c4f', 'EXCHANGE', 'settings', '2025-12-02 17:52:14', '2025-12-02 17:52:14'),
  ('5727bb04-e499-45f4-9896-ccb0e61286b4', 'c45c202a-e943-4fb8-9cd1-24717ff99c4f', 'EXCHANGE', 'permissions', '2025-12-02 17:52:14', '2025-12-02 17:52:14'),
  ('58a76510-ec26-4c52-95f7-aebacc43980c', 'a251ed1c-e16d-4048-9996-0ed150daac5d', 'READ', 'notifications', '2025-12-02 17:52:14', '2025-12-02 17:52:14'),
  ('5cbeb537-4913-4d61-8cb6-72433821fd56', 'a92c36e0-64d8-465e-b3ae-a79a113c5624', 'READ', 'apiKeys', '2025-12-02 17:52:14', '2025-12-02 17:52:14'),
  ('5d1e6f31-4be2-4fa2-92ec-0729cfc0fae0', 'c45c202a-e943-4fb8-9cd1-24717ff99c4f', 'EXCHANGE', 'documents', '2025-12-02 17:52:14', '2025-12-02 17:52:14'),
  ('5dc79647-de5f-4535-90ee-42e3b9fdccd9', 'c45c202a-e943-4fb8-9cd1-24717ff99c4f', 'WRITE', 'backups', '2025-12-02 17:52:14', '2025-12-02 17:52:14'),
  ('5e7f6c77-ce8b-4d1b-ac91-9ffa5c4a2306', 'a92c36e0-64d8-465e-b3ae-a79a113c5624', 'READ', 'reports', '2025-12-02 17:52:14', '2025-12-02 17:52:14'),
  ('620af732-9578-44bc-bdf6-4de5bc736826', 'a92c36e0-64d8-465e-b3ae-a79a113c5624', 'WRITE', 'apiKeys', '2025-12-02 17:52:14', '2025-12-02 17:52:14'),
  ('62be3fed-0049-4ac3-8730-14371554d4d1', 'a92c36e0-64d8-465e-b3ae-a79a113c5624', 'READ', 'software', '2025-12-02 17:52:14', '2025-12-02 17:52:14'),
  ('63e24cf7-c9f4-445b-9d0b-c32d2d7e7a2b', 'a251ed1c-e16d-4048-9996-0ed150daac5d', 'EXCHANGE', 'versions', '2025-12-02 17:52:14', '2025-12-02 17:52:14'),
  ('683aa826-2bec-48c3-bb9b-88b5cf5dfc85', 'a251ed1c-e16d-4048-9996-0ed150daac5d', 'READ', 'auditLogs', '2025-12-02 17:52:14', '2025-12-02 17:52:14'),
  ('68c765ff-2fcf-4867-9903-6a4163a8c251', 'c45c202a-e943-4fb8-9cd1-24717ff99c4f', 'SYNC', 'permissions', '2025-12-02 17:52:14', '2025-12-02 17:52:14'),
  ('68e802f2-c91d-460e-b737-1b3b08c4e7d0', 'c45c202a-e943-4fb8-9cd1-24717ff99c4f', 'EXCHANGE', 'tokens', '2025-12-02 17:52:14', '2025-12-02 17:52:14'),
  ('6aa1a21a-c094-4c8d-afe7-0a570c18477a', 'a251ed1c-e16d-4048-9996-0ed150daac5d', 'EXCHANGE', 'backups', '2025-12-02 17:52:14', '2025-12-02 17:52:14'),
  ('6cba99e0-206f-48f7-a94a-267ce4577953', 'c45c202a-e943-4fb8-9cd1-24717ff99c4f', 'READ', 'reports', '2025-12-02 17:52:14', '2025-12-02 17:52:14'),
  ('6d8d83a1-e305-45b6-920b-03bc681b6c35', 'a92c36e0-64d8-465e-b3ae-a79a113c5624', 'SYNC', 'documents', '2025-12-02 17:52:14', '2025-12-02 17:52:14'),
  ('6eaad51e-f774-4011-bba9-d168ab9b087a', 'a251ed1c-e16d-4048-9996-0ed150daac5d', 'SYNC', 'users', '2025-12-02 17:52:14', '2025-12-02 17:52:14'),
  ('6f2a5f1c-0eb7-455e-a573-da0ed112b809', 'a92c36e0-64d8-465e-b3ae-a79a113c5624', 'WRITE', 'webhooks', '2025-12-02 17:52:14', '2025-12-02 17:52:14'),
  ('70024489-b73f-49c9-b0b0-4d0181f955b9', 'a251ed1c-e16d-4048-9996-0ed150daac5d', 'READ', 'versions', '2025-12-02 17:52:14', '2025-12-02 17:52:14'),
  ('716c73dc-43ad-40d9-9a75-d46c17a1cfc6', 'c45c202a-e943-4fb8-9cd1-24717ff99c4f', 'EXCHANGE', 'apiKeys', '2025-12-02 17:52:14', '2025-12-02 17:52:14'),
  ('72976457-30c3-45f8-9f18-1a6ac94eba07', 'a251ed1c-e16d-4048-9996-0ed150daac5d', 'WRITE', 'auditLogs', '2025-12-02 17:52:14', '2025-12-02 17:52:14'),
  ('7338a5db-d63a-4994-a512-6c1d0194d55c', 'c45c202a-e943-4fb8-9cd1-24717ff99c4f', 'WRITE', 'documents', '2025-12-02 17:52:14', '2025-12-02 17:52:14'),
  ('75fe36cc-51fa-4401-aed9-24c2be33c8e0', 'a251ed1c-e16d-4048-9996-0ed150daac5d', 'READ', 'backups', '2025-12-02 17:52:14', '2025-12-02 17:52:14'),
  ('76bd6840-c40a-4a86-8a25-17d29b3b2dff', 'c45c202a-e943-4fb8-9cd1-24717ff99c4f', 'READ', 'tokens', '2025-12-02 17:52:14', '2025-12-02 17:52:14'),
  ('7d35f33d-5eb6-4c9e-824f-f1550660cee5', 'a251ed1c-e16d-4048-9996-0ed150daac5d', 'SYNC', 'settings', '2025-12-02 17:52:14', '2025-12-02 17:52:14'),
  ('7e24426b-f6da-40ea-93a5-28a3108b7d43', 'a92c36e0-64d8-465e-b3ae-a79a113c5624', 'EXCHANGE', 'auditLogs', '2025-12-02 17:52:14', '2025-12-02 17:52:14'),
  ('7f2484de-76e0-412b-86c4-63d0cbf60e74', 'c45c202a-e943-4fb8-9cd1-24717ff99c4f', 'READ', 'backups', '2025-12-02 17:52:14', '2025-12-02 17:52:14'),
  ('81f8718f-31b1-43de-a72f-9e5a721de317', 'a251ed1c-e16d-4048-9996-0ed150daac5d', 'WRITE', 'webhooks', '2025-12-02 17:52:14', '2025-12-02 17:52:14'),
  ('82e297c3-20ae-4e18-9e71-8e7857977c71', 'a251ed1c-e16d-4048-9996-0ed150daac5d', 'EXCHANGE', 'documents', '2025-12-02 17:52:14', '2025-12-02 17:52:14'),
  ('846e179d-ef2f-454a-8e38-77e4514a1698', 'a92c36e0-64d8-465e-b3ae-a79a113c5624', 'WRITE', 'software', '2025-12-02 17:52:14', '2025-12-02 17:52:14'),
  ('85676888-3f04-42ae-9334-b25dc71052e7', 'a251ed1c-e16d-4048-9996-0ed150daac5d', 'WRITE', 'settings', '2025-12-02 17:52:14', '2025-12-02 17:52:14'),
  ('89a51913-bc4d-4282-8d0e-a4ce66f44af2', 'a92c36e0-64d8-465e-b3ae-a79a113c5624', 'READ', 'backups', '2025-12-02 17:52:14', '2025-12-02 17:52:14'),
  ('8a94c67f-9d31-418c-9f43-43ef0240fc85', 'c45c202a-e943-4fb8-9cd1-24717ff99c4f', 'READ', 'notifications', '2025-12-02 17:52:14', '2025-12-02 17:52:14'),
  ('8a9b06ef-1ed8-4147-8890-a157315aa430', 'c45c202a-e943-4fb8-9cd1-24717ff99c4f', 'READ', 'settings', '2025-12-02 17:52:14', '2025-12-02 17:52:14'),
  ('8aa8e1c1-3c65-462f-a8be-3dfbdf9d3b3a', 'a251ed1c-e16d-4048-9996-0ed150daac5d', 'WRITE', 'apiKeys', '2025-12-02 17:52:14', '2025-12-02 17:52:14'),
  ('8b9ee200-6c8f-42a8-9c83-969f66455b2b', 'a92c36e0-64d8-465e-b3ae-a79a113c5624', 'SYNC', 'permissions', '2025-12-02 17:52:14', '2025-12-02 17:52:14'),
  ('91b67b3d-5927-42a5-a259-1850ffbfdabb', 'c45c202a-e943-4fb8-9cd1-24717ff99c4f', 'SYNC', 'reports', '2025-12-02 17:52:14', '2025-12-02 17:52:14'),
  ('93b1e468-e5d7-48cb-b042-a38409d88b53', 'c45c202a-e943-4fb8-9cd1-24717ff99c4f', 'WRITE', 'tokens', '2025-12-02 17:52:14', '2025-12-02 17:52:14'),
  ('94b6ab00-75d8-4ed2-b6f5-148c5916e161', 'a92c36e0-64d8-465e-b3ae-a79a113c5624', 'EXCHANGE', 'backups', '2025-12-02 17:52:14', '2025-12-02 17:52:14'),
  ('96571a71-7322-46b2-80d1-76360a0f70df', 'a251ed1c-e16d-4048-9996-0ed150daac5d', 'WRITE', 'documents', '2025-12-02 17:52:14', '2025-12-02 17:52:14'),
  ('98c28af3-5a11-4b9f-9637-8c2583a159ff', 'a251ed1c-e16d-4048-9996-0ed150daac5d', 'EXCHANGE', 'notifications', '2025-12-02 17:52:14', '2025-12-02 17:52:14'),
  ('98c56ebb-96b5-4f76-aa4a-545bf6bfaf7c', 'a251ed1c-e16d-4048-9996-0ed150daac5d', 'WRITE', 'users', '2025-12-02 17:52:14', '2025-12-02 17:52:14'),
  ('9ae7c848-7f59-479d-ab13-7559d4abb4f9', 'a251ed1c-e16d-4048-9996-0ed150daac5d', 'READ', 'tokens', '2025-12-02 17:52:14', '2025-12-02 17:52:14'),
  ('9cd59e80-4da8-4872-9057-2a399ad2fb70', 'a92c36e0-64d8-465e-b3ae-a79a113c5624', 'EXCHANGE', 'notifications', '2025-12-02 17:52:14', '2025-12-02 17:52:14'),
  ('9eeb0530-eb8e-41aa-b4a2-407b50a54e11', 'c45c202a-e943-4fb8-9cd1-24717ff99c4f', 'WRITE', 'apiKeys', '2025-12-02 17:52:14', '2025-12-02 17:52:14'),
  ('a29d6aaa-7d75-4eb9-87f5-9eeaa5898d3b', 'a251ed1c-e16d-4048-9996-0ed150daac5d', 'SYNC', 'webhooks', '2025-12-02 17:52:14', '2025-12-02 17:52:14'),
  ('abd5bf2f-34ad-46a2-a0f1-8ad614ecd981', 'a251ed1c-e16d-4048-9996-0ed150daac5d', 'READ', 'reports', '2025-12-02 17:52:14', '2025-12-02 17:52:14'),
  ('abf5677a-5247-4efc-a16d-2ca40404c79d', 'c45c202a-e943-4fb8-9cd1-24717ff99c4f', 'SYNC', 'webhooks', '2025-12-02 17:52:14', '2025-12-02 17:52:14'),
  ('afdb8a50-8b90-4991-8858-a3e7a3a0e4ef', 'a251ed1c-e16d-4048-9996-0ed150daac5d', 'WRITE', 'versions', '2025-12-02 17:52:14', '2025-12-02 17:52:14'),
  ('b15f1a0e-b1ca-44d6-b2df-5a6c01a0b43c', 'a92c36e0-64d8-465e-b3ae-a79a113c5624', 'SYNC', 'notifications', '2025-12-02 17:52:14', '2025-12-02 17:52:14'),
  ('b604d923-a3b2-4462-80c8-4cf94a8f2ca8', 'a251ed1c-e16d-4048-9996-0ed150daac5d', 'READ', 'documents', '2025-12-02 17:52:14', '2025-12-02 17:52:14'),
  ('b769c321-76ff-4e6e-9598-b401b88f8946', 'c45c202a-e943-4fb8-9cd1-24717ff99c4f', 'WRITE', 'users', '2025-12-02 17:52:14', '2025-12-02 17:52:14'),
  ('b7ddd480-1ee5-4e70-b5fa-48120df4624c', 'a251ed1c-e16d-4048-9996-0ed150daac5d', 'EXCHANGE', 'webhooks', '2025-12-02 17:52:14', '2025-12-02 17:52:14'),
  ('be4e9e11-b936-4dc0-899c-9c309ac50371', 'c45c202a-e943-4fb8-9cd1-24717ff99c4f', 'EXCHANGE', 'auditLogs', '2025-12-02 17:52:14', '2025-12-02 17:52:14'),
  ('bfb09f1d-628b-4fcd-8662-e51f3788631e', 'c45c202a-e943-4fb8-9cd1-24717ff99c4f', 'SYNC', 'versions', '2025-12-02 17:52:14', '2025-12-02 17:52:14'),
  ('c22f9880-ea0b-4ef4-afeb-8631551d17eb', 'a251ed1c-e16d-4048-9996-0ed150daac5d', 'READ', 'permissions', '2025-12-02 17:52:14', '2025-12-02 17:52:14'),
  ('c33cd584-9a91-48a6-b5a7-ee52120f32e0', 'c45c202a-e943-4fb8-9cd1-24717ff99c4f', 'READ', 'versions', '2025-12-02 17:52:14', '2025-12-02 17:52:14'),
  ('c401cc19-f98b-4731-8224-30a52e960de1', 'a251ed1c-e16d-4048-9996-0ed150daac5d', 'EXCHANGE', 'permissions', '2025-12-02 17:52:14', '2025-12-02 17:52:14'),
  ('c50da751-f87c-4d67-8ddc-9e6e294b851c', 'c45c202a-e943-4fb8-9cd1-24717ff99c4f', 'READ', 'apiKeys', '2025-12-02 17:52:14', '2025-12-02 17:52:14'),
  ('c534a593-f22d-468d-8309-545811534ff7', 'c45c202a-e943-4fb8-9cd1-24717ff99c4f', 'EXCHANGE', 'users', '2025-12-02 17:52:14', '2025-12-02 17:52:14'),
  ('c55b143e-e9fa-41a0-afc7-5a4bbc613bff', 'a92c36e0-64d8-465e-b3ae-a79a113c5624', 'READ', 'notifications', '2025-12-02 17:52:14', '2025-12-02 17:52:14'),
  ('c61e71b5-0c61-45f7-8c3c-905d6ff55c9e', 'c45c202a-e943-4fb8-9cd1-24717ff99c4f', 'WRITE', 'webhooks', '2025-12-02 17:52:14', '2025-12-02 17:52:14'),
  ('c6e04e3b-e5c2-4966-8113-ef4ee988dafe', 'c45c202a-e943-4fb8-9cd1-24717ff99c4f', 'SYNC', 'software', '2025-12-02 17:52:14', '2025-12-02 17:52:14'),
  ('ca3c5339-2824-41d2-8409-06538097aaa6', 'c45c202a-e943-4fb8-9cd1-24717ff99c4f', 'READ', 'permissions', '2025-12-02 17:52:14', '2025-12-02 17:52:14'),
  ('cae1a63f-889a-4399-b494-7607bc57f233', 'a92c36e0-64d8-465e-b3ae-a79a113c5624', 'SYNC', 'tokens', '2025-12-02 17:52:14', '2025-12-02 17:52:14'),
  ('cd2e8e5c-8270-41c6-9916-773d2be2b6f5', 'a92c36e0-64d8-465e-b3ae-a79a113c5624', 'WRITE', 'notifications', '2025-12-02 17:52:14', '2025-12-02 17:52:14'),
  ('cd8489e7-6edf-492d-ba66-d0001b7a9a6e', 'a92c36e0-64d8-465e-b3ae-a79a113c5624', 'EXCHANGE', 'apiKeys', '2025-12-02 17:52:14', '2025-12-02 17:52:14'),
  ('d0fee84f-f84b-49f7-bb5b-c33d1db9cebf', 'a92c36e0-64d8-465e-b3ae-a79a113c5624', 'READ', 'versions', '2025-12-02 17:52:14', '2025-12-02 17:52:14'),
  ('d42d90c3-e65e-4cf2-a43b-76db72459529', 'c45c202a-e943-4fb8-9cd1-24717ff99c4f', 'SYNC', 'users', '2025-12-02 17:52:14', '2025-12-02 17:52:14'),
  ('d54c548f-17b5-4262-a1ba-8bd3ae0d6587', 'c45c202a-e943-4fb8-9cd1-24717ff99c4f', 'SYNC', 'documents', '2025-12-02 17:52:14', '2025-12-02 17:52:14'),
  ('d62874e0-126a-4578-b5a8-eb3cf2fa288b', 'c45c202a-e943-4fb8-9cd1-24717ff99c4f', 'READ', 'documents', '2025-12-02 17:52:14', '2025-12-02 17:52:14'),
  ('d62982cb-77fe-468e-9683-044199ae1fce', 'a251ed1c-e16d-4048-9996-0ed150daac5d', 'SYNC', 'documents', '2025-12-02 17:52:14', '2025-12-02 17:52:14'),
  ('d672d404-6698-43fd-8bcd-d6b8c990d332', 'c45c202a-e943-4fb8-9cd1-24717ff99c4f', 'SYNC', 'backups', '2025-12-02 17:52:14', '2025-12-02 17:52:14'),
  ('d99e2d52-2658-402a-b349-9122b96c0297', 'c45c202a-e943-4fb8-9cd1-24717ff99c4f', 'WRITE', 'auditLogs', '2025-12-02 17:52:14', '2025-12-02 17:52:14'),
  ('dcabe11e-2abc-4f4f-84c7-622fdd4a2810', 'c45c202a-e943-4fb8-9cd1-24717ff99c4f', 'WRITE', 'reports', '2025-12-02 17:52:14', '2025-12-02 17:52:14'),
  ('de47fb6a-45eb-48b5-980e-d2782f9def51', 'c45c202a-e943-4fb8-9cd1-24717ff99c4f', 'SYNC', 'tokens', '2025-12-02 17:52:14', '2025-12-02 17:52:14'),
  ('e6860db8-f8f2-410b-8bcf-1662b6536a17', 'a92c36e0-64d8-465e-b3ae-a79a113c5624', 'EXCHANGE', 'versions', '2025-12-02 17:52:14', '2025-12-02 17:52:14'),
  ('e6cdf1a4-cb4f-483b-b119-06c284087647', 'c45c202a-e943-4fb8-9cd1-24717ff99c4f', 'READ', 'auditLogs', '2025-12-02 17:52:14', '2025-12-02 17:52:14'),
  ('e9036c78-f326-441d-a2e5-c2300be3a04a', 'c45c202a-e943-4fb8-9cd1-24717ff99c4f', 'WRITE', 'software', '2025-12-02 17:52:14', '2025-12-02 17:52:14'),
  ('e9a398e5-029a-41b6-8001-2feed076054b', 'c45c202a-e943-4fb8-9cd1-24717ff99c4f', 'WRITE', 'permissions', '2025-12-02 17:52:14', '2025-12-02 17:52:14'),
  ('ebe529b2-c775-4942-8613-73ff4021d4bc', 'a251ed1c-e16d-4048-9996-0ed150daac5d', 'EXCHANGE', 'reports', '2025-12-02 17:52:14', '2025-12-02 17:52:14'),
  ('eca40b60-e964-4153-b5d2-d490d1f9a850', 'a251ed1c-e16d-4048-9996-0ed150daac5d', 'WRITE', 'reports', '2025-12-02 17:52:14', '2025-12-02 17:52:14'),
  ('ed39478b-0518-4621-8718-54acc8846cf2', 'a251ed1c-e16d-4048-9996-0ed150daac5d', 'WRITE', 'backups', '2025-12-02 17:52:14', '2025-12-02 17:52:14'),
  ('edaec899-7986-49f1-82dc-2300a2dcfdb2', 'c45c202a-e943-4fb8-9cd1-24717ff99c4f', 'EXCHANGE', 'software', '2025-12-02 17:52:14', '2025-12-02 17:52:14'),
  ('edd35a34-73aa-49f5-947c-42a7c580e558', 'c45c202a-e943-4fb8-9cd1-24717ff99c4f', 'EXCHANGE', 'versions', '2025-12-02 17:52:14', '2025-12-02 17:52:14'),
  ('ee8ac635-b27c-4d51-991b-554f486a2175', 'a92c36e0-64d8-465e-b3ae-a79a113c5624', 'EXCHANGE', 'tokens', '2025-12-02 17:52:14', '2025-12-02 17:52:14'),
  ('ef5f75d9-7a25-4521-b9e5-770a76daa85b', 'a92c36e0-64d8-465e-b3ae-a79a113c5624', 'WRITE', 'tokens', '2025-12-02 17:52:14', '2025-12-02 17:52:14'),
  ('f1619223-38be-4bc3-a01d-5c475f7e91f2', 'a92c36e0-64d8-465e-b3ae-a79a113c5624', 'SYNC', 'software', '2025-12-02 17:52:14', '2025-12-02 17:52:14'),
  ('f2be8fec-c0fd-42f2-80d0-27b52752cb43', 'a251ed1c-e16d-4048-9996-0ed150daac5d', 'EXCHANGE', 'software', '2025-12-02 17:52:14', '2025-12-02 17:52:14'),
  ('f9c1b6cc-51bd-4f3b-a9c8-cb61d2083fa1', 'a251ed1c-e16d-4048-9996-0ed150daac5d', 'SYNC', 'notifications', '2025-12-02 17:52:14', '2025-12-02 17:52:14'),
  ('fa77dd77-90ce-4be7-a6be-e26c910cfad7', 'c45c202a-e943-4fb8-9cd1-24717ff99c4f', 'SYNC', 'notifications', '2025-12-02 17:52:14', '2025-12-02 17:52:14'),
  ('fb22bfa2-d9f0-4d79-9dca-4b9cd67b547b', 'a251ed1c-e16d-4048-9996-0ed150daac5d', 'READ', 'apiKeys', '2025-12-02 17:52:14', '2025-12-02 17:52:14'),
  ('fb7ca6a2-1f71-437f-ae45-c7f804cc27c2', 'a251ed1c-e16d-4048-9996-0ed150daac5d', 'WRITE', 'permissions', '2025-12-02 17:52:14', '2025-12-02 17:52:14'),
  ('fc3e709e-871c-4486-aac3-113636f4eb00', 'a251ed1c-e16d-4048-9996-0ed150daac5d', 'SYNC', 'software', '2025-12-02 17:52:14', '2025-12-02 17:52:14'),
  ('fdf4a5b7-fad3-4a0e-afa2-268bb0d0ba6a', 'a251ed1c-e16d-4048-9996-0ed150daac5d', 'EXCHANGE', 'tokens', '2025-12-02 17:52:14', '2025-12-02 17:52:14');
